Source,Destination,Relationship,Anchor,Existing/New,Reason
/,/services/,content,View All Services,Existing,"Relevant capability, proof or educational relationship"
/,/services/custom-software-development/,card,Custom Software Development Custom Business Software That Replaces Manual Work Explore,Existing,"Relevant capability, proof or educational relationship"
/,/services/business-automation/,card,Business Automation Automate Repetitive Work Across Your Business Explore,Existing,"Relevant capability, proof or educational relationship"
/,/services/erp-software/,card,ERP & Odoo Solutions Odoo ERP Systems for Growing Operations Explore,Existing,"Relevant capability, proof or educational relationship"
/,/services/ai-automation-agents/,card,AI Automation & Agents AI Agents That Handle Repetitive Operations Work Explore,Existing,"Relevant capability, proof or educational relationship"
/,/services/cloud-devops/,card,Cloud & DevOps Reliable Cloud Infrastructure for Scalable Operations Explore,Existing,"Relevant capability, proof or educational relationship"
/industries/education/,/services/,content,View All Services,Existing,"Relevant capability, proof or educational relationship"
/industries/education/,/services/custom-software-development/,card,Custom Software Development Custom Business Software That Replaces Manual Work Explore,Existing,"Relevant capability, proof or educational relationship"
/industries/education/,/services/business-automation/,card,Business Automation Automate Repetitive Work Across Your Business Explore,Existing,"Relevant capability, proof or educational relationship"
/industries/education/,/services/cloud-devops/,card,Cloud & DevOps Reliable Cloud Infrastructure for Scalable Operations Explore,Existing,"Relevant capability, proof or educational relationship"
/industries/finance/,/services/,content,View All Services,Existing,"Relevant capability, proof or educational relationship"
/industries/finance/,/services/business-automation/,card,Business Automation Automate Repetitive Work Across Your Business Explore,Existing,"Relevant capability, proof or educational relationship"
/industries/finance/,/services/custom-software-development/,card,Custom Software Development Custom Business Software That Replaces Manual Work Explore,Existing,"Relevant capability, proof or educational relationship"
/industries/finance/,/services/cloud-devops/,card,Cloud & DevOps Reliable Cloud Infrastructure for Scalable Operations Explore,Existing,"Relevant capability, proof or educational relationship"
/industries/healthcare/,/services/,content,View All Services,Existing,"Relevant capability, proof or educational relationship"
/industries/healthcare/,/services/business-automation/,card,Business Automation Automate Repetitive Work Across Your Business Explore,Existing,"Relevant capability, proof or educational relationship"
/industries/healthcare/,/services/custom-software-development/,card,Custom Software Development Custom Business Software That Replaces Manual Work Explore,Existing,"Relevant capability, proof or educational relationship"
/industries/healthcare/,/services/cloud-devops/,card,Cloud & DevOps Reliable Cloud Infrastructure for Scalable Operations Explore,Existing,"Relevant capability, proof or educational relationship"
/industries/logistics/,/services/,content,View All Services,Existing,"Relevant capability, proof or educational relationship"
/industries/logistics/,/services/erp-software/,card,ERP & Odoo Solutions Odoo ERP Systems for Growing Operations Explore,Existing,"Relevant capability, proof or educational relationship"
/industries/logistics/,/services/business-automation/,card,Business Automation Automate Repetitive Work Across Your Business Explore,Existing,"Relevant capability, proof or educational relationship"
/industries/logistics/,/services/custom-software-development/,card,Custom Software Development Custom Business Software That Replaces Manual Work Explore,Existing,"Relevant capability, proof or educational relationship"
/industries/manufacturing/,/services/,content,View All Services,Existing,"Relevant capability, proof or educational relationship"
/industries/manufacturing/,/services/erp-software/,card,ERP & Odoo Solutions Odoo ERP Systems for Growing Operations Explore,Existing,"Relevant capability, proof or educational relationship"
/industries/manufacturing/,/services/custom-software-development/,card,Custom Software Development Custom Business Software That Replaces Manual Work Explore,Existing,"Relevant capability, proof or educational relationship"
/industries/manufacturing/,/services/business-automation/,card,Business Automation Automate Repetitive Work Across Your Business Explore,Existing,"Relevant capability, proof or educational relationship"
/industries/real-estate/,/services/,content,View All Services,Existing,"Relevant capability, proof or educational relationship"
/industries/real-estate/,/services/custom-software-development/,card,Custom Software Development Custom Business Software That Replaces Manual Work Explore,Existing,"Relevant capability, proof or educational relationship"
/industries/real-estate/,/services/cloud-devops/,card,Cloud & DevOps Reliable Cloud Infrastructure for Scalable Operations Explore,Existing,"Relevant capability, proof or educational relationship"
/industries/real-estate/,/services/ai-automation-agents/,card,AI Automation & Agents AI Agents That Handle Repetitive Operations Work Explore,Existing,"Relevant capability, proof or educational relationship"
/industries/retail-ecommerce/,/services/,content,View All Services,Existing,"Relevant capability, proof or educational relationship"
/industries/retail-ecommerce/,/services/custom-software-development/,card,Custom Software Development Custom Business Software That Replaces Manual Work Explore,Existing,"Relevant capability, proof or educational relationship"
/industries/retail-ecommerce/,/services/business-automation/,card,Business Automation Automate Repetitive Work Across Your Business Explore,Existing,"Relevant capability, proof or educational relationship"
/industries/retail-ecommerce/,/services/erp-software/,card,ERP & Odoo Solutions Odoo ERP Systems for Growing Operations Explore,New,"Relevant capability, proof or educational relationship"
/industries/startups/,/services/,content,View All Services,Existing,"Relevant capability, proof or educational relationship"
/industries/startups/,/services/custom-software-development/,card,Custom Software Development Custom Business Software That Replaces Manual Work Explore,Existing,"Relevant capability, proof or educational relationship"
/industries/startups/,/services/cloud-devops/,card,Cloud & DevOps Reliable Cloud Infrastructure for Scalable Operations Explore,Existing,"Relevant capability, proof or educational relationship"
/industries/startups/,/services/business-automation/,card,Business Automation Automate Repetitive Work Across Your Business Explore,Existing,"Relevant capability, proof or educational relationship"
/insights/angular-vs-react/,/services/custom-software-development/,body,"Large, long‑lived enterprise systems",New,"Relevant capability, proof or educational relationship"
/insights/best-web-application-frameworks/,/services/custom-software-development/,body,"enterprise building a complex, microservices-based system",New,"Relevant capability, proof or educational relationship"
/insights/business-process-automation-tools/,/services/business-automation/,body,business automation services,Existing,"Relevant capability, proof or educational relationship"
/insights/business-process-automation-tools/,/services/ai-automation-agents/,body,AI automation agents,Existing,"Relevant capability, proof or educational relationship"
/insights/business-process-automation-tools/,/services/custom-software-development/,body,custom software development,Existing,"Relevant capability, proof or educational relationship"
/insights/business-process-improvement-methods/,/services/business-automation/,body,business automation,Existing,"Relevant capability, proof or educational relationship"
/insights/business-process-improvement-methods/,/services/ai-automation-agents/,body,AI automation agents,Existing,"Relevant capability, proof or educational relationship"
/insights/business-process-improvement-methods/,/services/erp-software/,body,Odoo ERP implementation and customization,Existing,"Relevant capability, proof or educational relationship"
/insights/cloud-deployment-models-diagram/,/services/cloud-devops/,body,cost management (FinOps),New,"Relevant capability, proof or educational relationship"
/insights/database-design-best-practices/,/services/custom-software-development/,body,build applications that can handle increased load,New,"Relevant capability, proof or educational relationship"
/insights/devops-best-practices/,/services/cloud-devops/,body,Cloud & DevOps services,Existing,"Relevant capability, proof or educational relationship"
/insights/devops-best-practices/,/services/custom-software-development/,body,custom software development,Existing,"Relevant capability, proof or educational relationship"
/insights/erp-for-retail-stores/,/services/erp-software/,body,ERP implementation,New,"Relevant capability, proof or educational relationship"
/insights/erp-implementation-cost/,/services/erp-software/,body,expertise required for successful implementations,New,"Relevant capability, proof or educational relationship"
/insights/how-to-choose-erp-system/,/services/erp-software/,body,Odoo ERP implementation and customization,Existing,"Relevant capability, proof or educational relationship"
/insights/how-to-choose-erp-system/,/services/business-automation/,body,business automation,Existing,"Relevant capability, proof or educational relationship"
/insights/inventory-management-best-practices/,/services/erp-software/,body,Integrate systems with suppliers,New,"Relevant capability, proof or educational relationship"
/insights/kp-infotech-new-website-custom-software-automation-ai/,/services/ai-automation-agents/,body,AI automation and agent systems,New,"Relevant capability, proof or educational relationship"
/insights/minimum-viable-product-examples/,/services/custom-software-development/,body,launching a successful MVP,New,"Relevant capability, proof or educational relationship"
/insights/node-js-frameworks/,/services/custom-software-development/,body,"building high-performance, scalable web applications",New,"Relevant capability, proof or educational relationship"
/insights/odoo-erp-complete-guide/,/services/erp-software/,body,implementation,New,"Relevant capability, proof or educational relationship"
/insights/on-premise-vs-cloud-erp/,/services/erp-software/,body,Odoo ERP implementation and customization,Existing,"Relevant capability, proof or educational relationship"
/insights/on-premise-vs-cloud-erp/,/services/cloud-devops/,body,cloud and DevOps services,Existing,"Relevant capability, proof or educational relationship"
/insights/scalable-system-architecture/,/services/cloud-devops/,body,"deployments, monitoring",New,"Relevant capability, proof or educational relationship"
/insights/scalable-system-architecture/,/services/custom-software-development/,body,custom enterprise software,New,"Relevant capability, proof or educational relationship"
/insights/what-is-custom-software/,/services/custom-software-development/,body,custom software for growing businesses,Existing,"Relevant capability, proof or educational relationship"
/insights/what-is-custom-software/,/services/business-automation/,body,business automation,Existing,"Relevant capability, proof or educational relationship"
/services/,/services/custom-software-development/,content,View Service,Existing,"Relevant capability, proof or educational relationship"
/services/,/services/business-automation/,content,View Service,Existing,"Relevant capability, proof or educational relationship"
/services/,/services/erp-software/,content,View Service,Existing,"Relevant capability, proof or educational relationship"
/services/,/services/ai-automation-agents/,content,View Service,Existing,"Relevant capability, proof or educational relationship"
/services/,/services/cloud-devops/,content,View Service,Existing,"Relevant capability, proof or educational relationship"
/services/ai-automation-agents/,/services/,content,All Services,Existing,"Relevant capability, proof or educational relationship"
/services/ai-automation-agents/,/insights/business-process-automation-tools/,body,business process automation tools guide,New,"Relevant capability, proof or educational relationship"
/services/ai-automation-agents/,/work/,card,View All Work,New,"Relevant capability, proof or educational relationship"
/services/ai-automation-agents/,/work/virtual-tours-ai-listings/,card,"LuxeHomes Realty Network 3D Virtual Tours & AI Property Listing Platform Launched real estate platform with 3D tours, AI descriptions, smart matching generating 85K leads, 420% more views, $180M sales in year one. View Project →",New,"Relevant capability, proof or educational relationship"
/services/ai-automation-agents/,/work/omnichannel-ecommerce-platform/,card,TrendStyle Fashion Retailer Omnichannel E-Commerce Platform with AI-Powered Personalization,New,"Relevant capability, proof or educational relationship"
/services/business-automation/,/services/,content,All Services,Existing,"Relevant capability, proof or educational relationship"
/services/business-automation/,/insights/business-process-improvement-methods/,body,process improvement methods,New,"Relevant capability, proof or educational relationship"
/services/business-automation/,/insights/business-process-automation-tools/,body,automation tools guide,New,"Relevant capability, proof or educational relationship"
/services/cloud-devops/,/services/,content,All Services,Existing,"Relevant capability, proof or educational relationship"
/services/cloud-devops/,/insights/cloud-deployment-models-diagram/,body,cloud deployment models guide,New,"Relevant capability, proof or educational relationship"
/services/cloud-devops/,/insights/devops-best-practices/,body,DevOps best practices,New,"Relevant capability, proof or educational relationship"
/services/cloud-devops/,/work/,card,View All Work,New,"Relevant capability, proof or educational relationship"
/services/cloud-devops/,/work/cloud-cost-optimization-industrial-sme/,card,"European Industrial Machinery Manufacturer How We Reduced Cloud Infrastructure Cost from $17K/month to $2.8K/month A European industrial machinery manufacturer was spending nearly $17,000 every month on cloud infrastructure across AWS and DigitalOcean. KP Infotech audited the setup, removed hidden waste, optimized storage, containerized deployments, and reduced the monthly bill to around $2,800 without disrupting operations. View Project →",New,"Relevant capability, proof or educational relationship"
/services/custom-software-development/,/services/,content,All Services,Existing,"Relevant capability, proof or educational relationship"
/services/custom-software-development/,/insights/what-is-custom-software/,body,custom software guide,New,"Relevant capability, proof or educational relationship"
/services/custom-software-development/,/insights/database-design-best-practices/,body,database design best practices,New,"Relevant capability, proof or educational relationship"
/services/custom-software-development/,/work/,card,View All Work,New,"Relevant capability, proof or educational relationship"
/services/custom-software-development/,/work/collaboration-platform-distributed-teams/,card,"WorkFlow (SaaS Startup) Real-Time Collaboration Platform for Distributed Teams Built a next-generation team collaboration platform with real-time co-editing, video conferencing, and AI-powered productivity insights, scaling to 25,000 teams and $3.2M ARR within 18 months. View Project →",New,"Relevant capability, proof or educational relationship"
/services/custom-software-development/,/work/digital-banking-platform/,card,Community Trust Credit Union Modern Digital Banking Platform for Regional Credit Union,New,"Relevant capability, proof or educational relationship"
/services/custom-software-development/,/work/omnichannel-ecommerce-platform/,card,TrendStyle Fashion Retailer Omnichannel E-Commerce Platform with AI-Powered Personalization,New,"Relevant capability, proof or educational relationship"
/services/erp-software/,/services/,content,All Services,Existing,"Relevant capability, proof or educational relationship"
/services/erp-software/,/insights/erp-implementation-cost/,body,ERP implementation cost guide,New,"Relevant capability, proof or educational relationship"
/services/erp-software/,/insights/how-to-choose-erp-system/,body,ERP selection checklist,New,"Relevant capability, proof or educational relationship"
/work/cloud-cost-optimization-industrial-sme/,/services/cloud-devops/,content,Cloud & DevOps,Existing,"Relevant capability, proof or educational relationship"
/work/collaboration-platform-distributed-teams/,/services/custom-software-development/,content,Custom Software Development,Existing,"Relevant capability, proof or educational relationship"
/work/collaboration-platform-distributed-teams/,/services/cloud-devops/,content,Cloud & DevOps,Existing,"Relevant capability, proof or educational relationship"
/work/digital-banking-platform/,/services/custom-software-development/,content,Custom Software Development,Existing,"Relevant capability, proof or educational relationship"
/work/digital-banking-platform/,/services/cloud-devops/,content,Cloud & DevOps,Existing,"Relevant capability, proof or educational relationship"
/work/omnichannel-ecommerce-platform/,/services/custom-software-development/,content,Custom Software Development,Existing,"Relevant capability, proof or educational relationship"
/work/omnichannel-ecommerce-platform/,/services/ai-automation-agents/,content,AI Automation & Agents,Existing,"Relevant capability, proof or educational relationship"
/work/virtual-tours-ai-listings/,/services/custom-software-development/,content,Custom Software Development,Existing,"Relevant capability, proof or educational relationship"
/work/virtual-tours-ai-listings/,/services/ai-automation-agents/,content,AI Automation & Agents,New,"Relevant capability, proof or educational relationship"
